<?xml version="1.0" encoding="UTF-8"?>
<project-private xmlns="http://www.netbeans.org/ns/project-private/1">
    <editor-bookmarks xmlns="http://www.netbeans.org/ns/editor-bookmarks/2" lastBookmarkId="0"/>
    <open-files xmlns="http://www.netbeans.org/ns/projectui-open-files/2">
        <group>
            <file>file:/C:/Users/Jenny/OneDrive/Documentos/Compi2/Proyecto1/%5BCompi2%5DCorto1_201122933/src/GenerarArchivos/GenerarLexico.java</file>
            <file>file:/C:/Users/Jenny/OneDrive/Documentos/Compi2/Proyecto1/%5BCompi2%5DCorto1_201122933/src/Principal/FInicio.java</file>
            <file>file:/C:/Users/Jenny/OneDrive/Documentos/Compi2/Proyecto1/%5BCompi2%5DCorto1_201122933/src/Analisis/Sintactico.java</file>
            <file>file:/C:/Users/Jenny/OneDrive/Documentos/Compi2/Proyecto1/%5BCompi2%5DCorto1_201122933/src/Analisis/Sintactico.cup</file>
            <file>file:/C:/Users/Jenny/OneDrive/Documentos/Compi2/Proyecto1/%5BCompi2%5DCorto1_201122933/src/Analisis/Lexico.jflex</file>
            <file>file:/C:/Users/Jenny/OneDrive/Documentos/Compi2/Proyecto1/%5BCompi2%5DCorto1_201122933/src/Analisis/Lexico.java</file>
            <file>file:/C:/Users/Jenny/OneDrive/Documentos/Compi2/Proyecto1/%5BCompi2%5DCorto1_201122933/src/C3D/NodoC3D.java</file>
            <file>file:/C:/Users/Jenny/OneDrive/Documentos/Compi2/Proyecto1/%5BCompi2%5DCorto1_201122933/src/Analisis/Tabla.java</file>
            <file>file:/C:/Users/Jenny/OneDrive/Documentos/Compi2/Proyecto1/%5BCompi2%5DCorto1_201122933/src/C3D/ControlC3D.java</file>
            <file>file:/C:/Users/Jenny/OneDrive/Documentos/Compi2/Proyecto1/%5BCompi2%5DCorto1_201122933/src/Analisis/Arreglo.java</file>
            <file>file:/C:/Users/Jenny/OneDrive/Documentos/Compi2/Proyecto1/%5BCompi2%5DCorto1_201122933/src/Analisis/Dim.java</file>
            <file>file:/C:/Users/Jenny/OneDrive/Documentos/Compi2/Proyecto1/%5BCompi2%5DCorto1_201122933/src/Principal/Inicio.java</file>
        </group>
    </open-files>
</project-private>
